d,n_samples,algorithm,n_trials,n_ok,mec_match_rate,shd_mean,shd_std,cpdag_shd_mean,cpdag_shd_std,runtime_sec_mean,score_delta_mean,n_edges_est_mean,n_edges_true_mean,status_counts
20,20000,cd_A,3,3,0.0,29.333333333333332,11.547005383792515,29.333333333333332,9.814954576223638,61.997227899999416,-12696.242815436599,48.0,30.666666666666668,{'ok': 3}
30,20000,cd_A,3,3,0.0,98.33333333333333,34.81857741685225,97.33333333333333,35.13308032799477,79.60694533333299,-3860129.444455679,118.66666666666667,41.666666666666664,{'ok': 3}
40,20000,cd_A,3,3,0.0,133.0,56.471231613982,133.0,56.55970296951709,89.4661882333312,-234600.83713339517,169.33333333333334,61.333333333333336,{'ok': 3}
50,20000,cd_A,3,3,0.0,285.6666666666667,122.07511348892261,287.0,122.56018929489298,115.76917930000006,-3290130.6625867314,330.0,79.66666666666667,{'ok': 3}
