d,n_samples,algorithm,n_trials,n_ok,mec_match_rate,shd_mean,shd_std,cpdag_shd_mean,cpdag_shd_std,runtime_sec_mean,score_delta_mean,n_edges_est_mean,n_edges_true_mean,status_counts
20,20000,golem,3,3,0.0,94.66666666666667,8.144527815247079,95.33333333333333,8.504900548115383,244.69413160000113,-26.087851572038016,92.66666666666667,30.666666666666668,{'ok': 3}
30,20000,golem,3,3,0.0,153.66666666666666,59.3408234972631,155.0,61.7980582219215,324.44189233333356,-53.808775794500384,161.0,41.666666666666664,{'ok': 3}
40,20000,golem,3,3,0.0,246.0,53.563046963368315,248.33333333333334,53.163270528940686,422.09239033333625,-57.54108260694233,239.66666666666666,61.333333333333336,{'ok': 3}
50,20000,golem,3,3,0.0,401.6666666666667,98.35818894903126,404.0,99.08077512817509,549.9924984333338,-92.3842387247933,413.3333333333333,79.66666666666667,{'ok': 3}
