d,n_samples,algorithm,n_trials,n_ok,mec_match_rate,shd_mean,shd_std,cpdag_shd_mean,cpdag_shd_std,runtime_sec_mean,score_delta_mean,n_edges_est_mean,n_edges_true_mean,status_counts
20,20000,cd_A_lam0.2,3,3,0.0,30.666666666666668,5.131601439446884,29.666666666666668,4.509249752822894,61.2360050999996,-12695.061846030809,46.0,30.666666666666668,{'ok': 3}
30,20000,cd_A_lam0.2,3,3,0.0,90.33333333333333,32.65475973473596,90.0,33.77869150810907,78.50520383333544,-3860124.171203885,105.33333333333333,41.666666666666664,{'ok': 3}
40,20000,cd_A_lam0.2,3,3,0.0,123.33333333333333,48.21134029803915,123.33333333333333,48.21134029803915,87.01725646666698,-234597.00427504562,152.66666666666666,61.333333333333336,{'ok': 3}
50,20000,cd_A_lam0.2,3,3,0.0,235.66666666666666,102.51016209787853,236.33333333333334,102.81212639243162,113.53648486666741,-3290649.7483341987,268.0,79.66666666666667,{'ok': 3}
