d,n_samples,algorithm,n_trials,n_ok,mec_match_rate,shd_mean,shd_std,cpdag_shd_mean,cpdag_shd_std,runtime_sec_mean,score_delta_mean,n_edges_est_mean,n_edges_true_mean,status_counts
20,20000,cd_BOmega,10,10,0.0,73.4,26.517080449317106,74.8,26.548906652524213,16.364309470029546,-27.784576662611915,91.1,31.1,{'ok': 10}
30,20000,cd_BOmega,10,10,0.0,183.6,52.98259672341056,187.0,52.92972279877872,19.183070270018654,-43.94378310101643,210.0,45.2,{'ok': 10}
40,20000,cd_BOmega,10,10,0.0,308.5,71.87218593524975,310.1,72.7116833039154,21.984477200033144,-54.55467358097145,340.8,60.9,{'ok': 10}
50,20000,cd_BOmega,10,10,0.0,467.9,87.43816862979996,471.0,88.19297024139736,25.529318919964133,-62.350073062492655,515.2,74.2,{'ok': 10}
