d,n_samples,trial_id,seed,algorithm,mec_match,shd,cpdag_shd,n_edges_true,n_edges_est,runtime_sec
20,20000,1,89250953,cd_A_noepoch_l0_0.0,0,21.0,58.0,28,44,44.81358049996197
20,20000,1,89250953,cd_A_noepoch_l0_0.1,0,31.0,78.0,28,43,35.85641900007613
20,20000,1,89250953,cd_A_noepoch_l0_0.2,0,27.0,67.0,28,39,35.25803510006517
20,20000,1,89250953,greedy_cd_noepoch_l0_0.0,0,29.0,58.0,28,1,27.479470699792728
20,20000,1,89250953,greedy_cd_noepoch_l0_0.1,0,29.0,58.0,28,1,26.47944979998283
20,20000,1,89250953,greedy_cd_noepoch_l0_0.2,0,29.0,58.0,28,1,24.998498999979347
20,20000,1,89250953,notears,0,4.0,8.0,28,29,341.9616017998196
20,20000,1,89250953,fges,0,3.0,4.0,28,31,1.9220092999748886
