d,n_samples,algorithm,n_trials,n_ok,mec_match_rate,shd_mean,shd_std,cpdag_shd_mean,cpdag_shd_std,runtime_sec_mean,score_delta_mean,n_edges_est_mean,n_edges_true_mean,status_counts
20,20000,cd_B,10,10,0.0,74.5,30.218647664425134,75.9,30.086726493773146,15.624620899930596,-55.36495121147351,92.7,31.1,{'ok': 10}
30,20000,cd_B,10,10,0.0,181.7,55.98025445537819,184.3,56.554889758141655,18.431072230031713,-87.57396041297233,206.5,45.2,{'ok': 10}
40,20000,cd_B,10,10,0.0,308.3,66.82323281946515,310.3,67.41092888644492,21.048574810056017,-108.82609380723719,344.7,60.9,{'ok': 10}
50,20000,cd_B,10,10,0.0,461.1,83.87749002761905,463.8,84.89837061648082,24.520096349949018,-126.93656244657495,509.5,74.2,{'ok': 10}
