d,n_samples,algorithm,n_trials,n_ok,mec_match_rate,shd_mean,shd_std,cpdag_shd_mean,cpdag_shd_std,runtime_sec_mean,score_delta_mean,n_edges_est_mean,n_edges_true_mean,status_counts
20,20000,cd_A_lam0.0,3,3,0.0,46.666666666666664,12.220201853215572,46.0,11.532562594670797,62.56929560000086,-12698.551695410024,72.33333333333333,30.666666666666668,{'ok': 3}
30,20000,cd_A_lam0.0,3,3,0.0,129.0,37.5099986670221,128.33333333333334,38.01753981168868,80.33467353333253,-3860152.5782094295,161.33333333333334,41.666666666666664,{'ok': 3}
40,20000,cd_A_lam0.0,3,3,0.0,206.66666666666666,37.16629297271028,208.33333333333334,36.35014901390823,85.19840603333432,-234604.32061148473,258.3333333333333,61.333333333333336,{'ok': 3}
50,20000,cd_A_lam0.0,3,3,0.0,375.3333333333333,108.26048832946087,377.3333333333333,109.76945537504197,112.21880990000015,-3290324.0000603837,434.3333333333333,79.66666666666667,{'ok': 3}
