d,n_samples,trial_id,seed,algorithm,mec_match,shd,cpdag_shd,n_edges_true,n_edges_est,runtime_sec
30,20000,1,89250953,cd_A_noepoch_l0_5.0,0,27.0,41.0,27,0,32.674865500070155
30,20000,1,89250953,notears,1,1.0,0.0,27,27,55.30937140015885
30,20000,1,89250953,fges,0,10.0,5.0,27,36,3.3884199000895023
30,20000,1,89250953,golem_ev,0,18.0,25.0,27,45,319.1082108998671
30,20000,1,89250953,gumbel_softmax,0,42.0,58.0,27,15,5.2247472000308335
30,20000,1,89250953,xges,1,4.0,0.0,27,27,0.8475302001461387
