algorithm,d,n_samples,mec_match_mean,shd_mean,cpdag_shd_mean,runtime_sec_mean,trials
cd_A_noepoch_l0_0.0,20,20000,0.0,21.0,58.0,44.81358049996197,1
cd_A_noepoch_l0_0.1,20,20000,0.0,31.0,78.0,35.85641900007613,1
cd_A_noepoch_l0_0.2,20,20000,0.0,27.0,67.0,35.25803510006517,1
greedy_cd_noepoch_l0_0.0,20,20000,0.0,29.0,58.0,27.479470699792728,1
greedy_cd_noepoch_l0_0.1,20,20000,0.0,29.0,58.0,26.47944979998283,1
greedy_cd_noepoch_l0_0.2,20,20000,0.0,29.0,58.0,24.998498999979347,1
notears,20,20000,0.0,4.0,8.0,341.9616017998196,1
fges,20,20000,0.0,3.0,4.0,1.9220092999748886,1
