algorithm,d,n_samples,mec_match_mean,shd_mean,cpdag_shd_mean,runtime_sec_mean,trials
cd_A_noepoch_l0_5.0,30,20000,0.0,27.0,41.0,32.674865500070155,1
fges,30,20000,0.0,10.0,5.0,3.3884199000895023,1
gumbel_softmax,30,20000,0.0,42.0,58.0,5.2247472000308335,1
xges,30,20000,1.0,4.0,0.0,0.8475302001461387,1
golem_ev,30,20000,0.0,18.0,25.0,319.1082108998671,1
notears,30,20000,1.0,1.0,0.0,55.30937140015885,1
