d,n_samples,algorithm,n_trials,n_ok,mec_match_rate,shd_mean,shd_std,cpdag_shd_mean,cpdag_shd_std,runtime_sec_mean,score_delta_mean,n_edges_est_mean,n_edges_true_mean,status_counts
12,5000,ges,10,10,0.1,9.0,5.517648452415616,6.9,6.402256546631734,6.948084800015204,,25.7,19.6,{'ok': 10}
15,5000,ges,10,10,0.3,16.4,16.674664747587713,13.9,18.12579500172184,13.787680150009692,,31.0,22.2,{'ok': 10}
18,5000,ges,10,10,0.0,19.4,10.490207073477837,17.3,13.82469609872934,32.63980199000798,,37.6,28.1,{'ok': 10}
21,5000,ges,10,10,0.1,30.1,14.510149704411887,28.3,15.627966385084571,74.21051967996172,,44.4,33.2,{'ok': 10}
24,5000,ges,10,10,0.0,22.7,12.193349735727987,17.6,13.745302227791623,108.70155162997544,,46.7,33.9,{'ok': 10}
