d,n_samples,algorithm,n_trials,n_ok,mec_match_rate,shd_mean,shd_std,cpdag_shd_mean,cpdag_shd_std,runtime_sec_mean,score_delta_mean,n_edges_est_mean,n_edges_true_mean,status_counts
12,5000,cd_A,10,10,0.0,29.1,6.488451279003334,33.2,8.052604823561408,15.342600559978745,-1377090804.0374177,42.5,19.6,{'ok': 10}
15,5000,cd_A,10,10,0.0,44.2,13.505554412907305,45.5,14.811782096995922,16.534334040014073,-73811325643.15964,59.5,22.2,{'ok': 10}
18,5000,cd_A,10,10,0.0,79.6,15.005184289290003,82.2,13.93476866610199,18.163868029951118,-1367759070.871963,101.1,28.1,{'ok': 10}
21,5000,cd_A,10,10,0.0,107.9,11.892574714221194,110.4,11.749231653365442,20.31660721001681,-273916226302.62213,131.0,33.2,{'ok': 10}
24,5000,cd_A,10,10,0.0,114.6,16.534139765278923,117.1,18.302701682781393,19.408417949988507,-4437363094.835014,138.5,33.9,{'ok': 10}
