d,n_samples,algorithm,n_trials,n_ok,mec_match_rate,shd_mean,shd_std,cpdag_shd_mean,cpdag_shd_std,runtime_sec_mean,score_delta_mean,n_edges_est_mean,n_edges_true_mean,status_counts
12,5000,golem,10,10,0.0,39.3,3.334999583541537,41.6,3.9777157040470126,46.045269849989566,-21.756153452583277,48.3,19.6,{'ok': 10}
15,5000,golem,10,10,0.0,55.7,9.741663102366042,57.666666666666664,10.307764064044152,38.08259671998676,-0.8276620199248598,55.9,22.2,{'ok': 10}
18,5000,golem,10,10,0.0,81.7,17.575551200460254,84.1,18.705020122356935,61.39208539996762,-38.521304499201634,91.9,28.1,{'ok': 10}
21,5000,golem,10,10,0.0,100.1,28.532437680646915,102.4,28.492494138320396,52.113870420027524,-40.76796680801303,109.7,33.2,{'ok': 10}
24,5000,golem,10,10,0.0,126.0,29.974062861821793,129.5,31.08500889138972,58.83422676997725,-32.408657888556306,133.7,33.9,{'ok': 10}
